Wall time,Step,Value
1733763875.338205,0,0.20592555403709412
1733764057.6838822,1,0.18452617526054382
1733764239.0235486,2,0.17046894133090973
1733764419.1567624,3,0.16817426681518555
1733764592.3056395,4,0.15942929685115814
1733764765.6820571,5,0.15686523914337158
1733764933.4824212,6,0.1519595831632614
1733765101.4678495,7,0.14889882504940033
1733765270.2414267,8,0.1524239331483841
1733765436.0266354,9,0.14974099397659302
