Wall time,Step,Value
1733763875.3382869,0,0.17886637151241302
1733764057.6841094,1,0.30030345916748047
1733764239.0238655,2,0.3394923806190491
1733764419.1568112,3,0.3524833619594574
1733764592.3056846,4,0.36165282130241394
1733764765.6821127,5,0.37959662079811096
1733764933.4824717,6,0.3893212378025055
1733765101.467918,7,0.39842405915260315
1733765270.2414744,8,0.3882412016391754
1733765436.0266836,9,0.38998639583587646
