Wall time,Step,Value
1733763875.338268,0,0.7192609906196594
1733764057.6840968,1,0.8152916431427002
1733764239.0238516,2,0.8504592776298523
1733764419.1568003,3,0.8665512204170227
1733764592.3056743,4,0.8710138201713562
1733764765.682099,5,0.8799539804458618
1733764933.482461,6,0.8854084014892578
1733765101.4678988,7,0.8912472128868103
1733765270.241464,8,0.8864163756370544
1733765436.026673,9,0.888911247253418
